1->,0.0,0.0,0.25,0.0,0.25,0.25,0.0,0.0,0.5,0.0,0.5,0.5,0.0
2->,0.0,0.0,0.25,0.25,0.25,0.25,0.0,0.0,0.25,0.5,0.25,0.5,-0.2727272727272727
3->,0.0,0.0,0.25,0.25,0.25,0.5,0.0,0.0,0.5,0.25,0.5,1.0,0.0
4->,0.0,0.0,0.5,0.25,0.5,0.25,0.0,0.0,1.0,0.5,1.0,0.5,-0.09090909090909091
5->,0.0,0.125,1.0,0.5,1.0,0.5,0.0,0.125,1.0,1.0,1.0,0.25,-0.045454545454545456
6->,0.125,0.0,1.0,1.0,1.0,1.0,0.125,0.0,1.0,1.0,1.0,0.5,-0.045454545454545456
7->,0.0,0.0,0.25,1.0,0.25,0.25,0.0,0.0,0.5,1.0,0.5,0.25,-0.045454545454545456
8->,0.0,0.0,0.5,0.25,0.5,0.25,0.0,0.0,0.25,0.5,0.25,0.5,0.0
9->,0.0,0.0,0.25,0.5,0.25,0.25,0.0,0.25,0.25,0.25,0.25,0.5,-0.13636363636363635
10->,0.0,0.0,0.25,0.25,0.25,0.5,0.25,0.25,0.25,0.25,0.25,0.5,-0.22727272727272727
11->,0.0,0.0,0.0,0.25,0.0,0.25,0.25,0.0,0.0,0.25,0.0,0.25,-0.22727272727272727
12->,0.0,0.0,0.5,0.0,0.5,0.25,0.0,0.25,1.0,0.0,1.0,0.25,0.0
13->,0.0,0.25,0.25,0.5,0.25,0.25,0.25,0.5,0.25,1.0,0.25,0.25,0.22727272727272727
14->,0.25,0.25,0.0,0.25,0.0,0.125,0.5,0.25,0.0,0.25,0.0,0.125,0.18181818181818182
15->,0.25,0.0,0.0,0.0,0.0,0.25,0.25,0.125,0.0,0.0,0.0,0.125,0.18181818181818182
16->,0.0,0.0,0.0,0.0,0.0,0.25,0.125,0.0,0.0,0.0,0.0,0.125,0.18181818181818182
17->,0.0,0.0,0.125,0.0,0.125,0.125,0.0,0.0,0.125,0.0,0.125,0.25,0.13636363636363635
18->,0.0,0.125,0.125,0.125,0.125,0.125,0.0,0.125,0.125,0.125,0.125,0.125,0.18181818181818182
19->,0.125,0.125,0.125,0.125,0.125,0.125,0.125,0.125,0.125,0.125,0.125,0.125,0.13636363636363635
20->,0.125,0.125,0.0,0.125,0.0,0.125,0.125,0.0,0.0,0.125,0.0,0.25,0.13636363636363635
21->,0.125,0.0,0.125,0.0,0.125,0.125,0.0,0.125,0.0,0.0,0.0,0.125,0.13636363636363635
22->,0.0,0.125,0.125,0.125,0.125,0.125,0.125,0.125,0.125,0.0,0.125,0.125,0.18181818181818182
23->,0.125,0.125,0.125,0.125,0.125,0.125,0.125,0.0,0.125,0.125,0.125,0.125,0.18181818181818182
24->,0.125,0.0,0.125,0.125,0.125,0.25,0.0,0.125,0.25,0.125,0.25,0.125,0.18181818181818182
25->,0.0,0.0,0.25,0.125,0.25,0.25,0.125,0.125,0.25,0.25,0.25,0.25,0.18181818181818182
26->,0.0,0.25,0.25,0.125,0.25,0.25,0.0,0.5,0.5,0.125,0.5,0.25,-0.2727272727272727
27->,0.25,0.25,0.25,0.25,0.25,0.25,0.5,0.25,0.5,0.5,0.5,0.5,-0.2727272727272727
28->,0.25,0.25,0.5,0.25,0.5,0.25,0.25,0.5,1.0,0.5,1.0,0.25,-0.2727272727272727
29->,0.25,0.5,0.25,0.5,0.25,0.5,0.5,1.0,0.5,1.0,0.5,0.25,-0.09090909090909091
30->,0.5,1.0,0.5,0.25,0.5,0.25,1.0,1.0,0.25,0.5,0.25,0.25,-0.09090909090909091
31->,1.0,1.0,1.0,0.5,1.0,0.5,1.0,1.0,0.5,0.25,0.5,0.5,-0.09090909090909091
32->,1.0,0.25,0.25,1.0,0.25,0.5,1.0,0.5,0.25,0.5,0.25,1.0,-0.09090909090909091
33->,0.25,0.5,0.25,0.25,0.25,0.5,0.5,0.25,0.5,0.25,0.5,0.25,-0.13636363636363635
34->,0.5,0.25,0.25,0.25,0.25,0.25,0.25,0.25,0.5,0.5,0.5,0.5,-0.18181818181818182
35->,0.25,0.25,0.5,0.25,0.5,0.25,0.25,0.25,0.5,0.5,0.5,1.0,-0.22727272727272727
36->,0.25,0.0,0.25,0.5,0.25,0.25,0.25,0.0,0.25,0.5,0.25,0.25,0.0
37->,0.0,0.5,0.25,0.25,0.25,0.125,0.0,1.0,0.25,0.25,0.25,0.125,0.0
38->,0.5,0.25,0.25,0.25,0.25,0.5,1.0,0.25,0.25,0.25,0.25,0.25,0.045454545454545456
39->,0.25,0.0,0.125,0.25,0.125,0.125,0.25,0.0,0.125,0.25,0.125,0.125,0.18181818181818182
40->,0.0,0.0,0.25,0.125,0.25,0.25,0.0,0.0,0.125,0.125,0.125,0.125,0.18181818181818182
41->,0.0,0.0,0.25,0.25,0.25,0.25,0.0,0.0,0.125,0.125,0.125,0.125,0.18181818181818182
42->,0.0,0.125,0.125,0.25,0.125,0.25,0.0,0.125,0.25,0.125,0.25,0.25,0.18181818181818182
43->,0.125,0.125,0.125,0.125,0.125,0.25,0.125,0.125,0.125,0.25,0.125,0.25,0.13636363636363635
44->,0.125,0.125,0.125,0.125,0.125,0.125,0.125,0.125,0.125,0.125,0.125,0.25,0.13636363636363635
45->,0.125,0.0,0.125,0.125,0.125,0.125,0.125,0.0,0.25,0.125,0.25,0.125,0.13636363636363635
46->,0.0,0.125,0.125,0.125,0.125,0.25,0.0,0.0,0.125,0.25,0.125,0.25,0.22727272727272727
47->,0.125,0.125,0.125,0.125,0.125,0.25,0.0,0.125,0.125,0.125,0.125,0.25,0.18181818181818182
48->,0.125,0.125,0.125,0.125,0.125,0.5,0.125,0.125,0.125,0.125,0.125,0.25,0.22727272727272727
49->,0.125,0.125,0.25,0.125,0.25,0.25,0.125,0.25,0.125,0.125,0.125,0.5,0.18181818181818182
50->,0.125,0.25,0.25,0.25,0.25,0.25,0.25,0.25,0.25,0.125,0.25,0.125,0.22727272727272727
51->,0.125,0.25,0.25,0.25,0.25,0.25,0.125,0.5,0.25,1.0,0.25,0.25,-0.18181818181818182
52->,0.25,0.25,0.25,0.25,0.25,0.25,0.5,0.5,0.5,0.25,0.5,0.25,-0.09090909090909091
53->,0.25,0.5,0.25,0.25,0.25,0.25,0.5,1.0,0.25,0.5,0.25,0.25,-0.09090909090909091
54->,0.5,0.25,0.5,0.25,0.5,0.125,1.0,0.5,0.25,0.25,0.25,0.125,-0.09090909090909091
55->,0.25,0.5,0.25,0.5,0.25,0.125,0.5,0.25,0.25,0.25,0.25,0.5,-0.09090909090909091
56->,0.5,1.0,0.5,0.25,0.5,1.0,0.25,0.5,0.5,0.25,0.5,1.0,-0.09090909090909091
57->,1.0,0.25,0.5,0.5,0.5,1.0,0.5,0.25,1.0,0.5,1.0,1.0,-0.09090909090909091
58->,0.25,0.25,0.5,0.5,0.5,1.0,0.25,0.5,0.25,1.0,0.25,1.0,-0.09090909090909091
59->,0.25,0.25,0.25,0.5,0.25,1.0,0.5,0.5,0.5,0.25,0.5,0.5,-0.045454545454545456
60->,0.25,0.5,0.25,0.25,0.25,0.125,0.5,0.5,1.0,0.5,1.0,0.0,-0.045454545454545456
61->,0.5,0.25,0.25,0.25,0.25,0.5,0.5,0.25,0.25,1.0,0.25,0.5,0.0
62->,0.25,0.25,0.125,0.25,0.125,0.125,0.25,0.25,0.125,0.25,0.125,0.125,0.0
63->,0.25,0.25,0.5,0.125,0.5,0.0,0.25,0.25,0.25,0.125,0.25,0.0,0.0
64->,0.25,0.125,0.125,0.5,0.125,0.0,0.25,0.125,0.125,0.25,0.125,0.125,0.0
65->,0.125,0.25,0.25,0.125,0.25,0.0,0.125,0.125,0.125,0.125,0.125,0.0,0.18181818181818182
66->,0.25,0.25,0.25,0.25,0.25,0.0,0.125,0.125,0.125,0.125,0.125,0.0,0.18181818181818182
67->,0.25,0.125,0.25,0.25,0.25,0.125,0.125,0.25,0.25,0.125,0.25,0.125,0.13636363636363635
68->,0.125,0.125,0.25,0.25,0.25,0.125,0.25,0.125,0.25,0.25,0.25,0.0,0.18181818181818182
69->,0.125,0.125,0.125,0.25,0.125,0.125,0.125,0.125,0.25,0.25,0.25,0.125,0.18181818181818182
70->,0.125,0.125,0.125,0.125,0.125,0.25,0.125,0.25,0.125,0.25,0.125,0.25,0.18181818181818182
71->,0.125,0.125,0.25,0.125,0.25,0.0,0.25,0.125,0.25,0.125,0.25,0.125,0.18181818181818182
72->,0.125,0.125,0.25,0.25,0.25,0.125,0.125,0.125,0.25,0.25,0.25,0.125,0.18181818181818182
73->,0.125,0.125,0.5,0.25,0.5,0.0,0.125,0.125,0.25,0.25,0.25,0.0,0.18181818181818182
74->,0.125,0.25,0.25,0.5,0.25,0.0,0.125,0.125,0.5,0.25,0.5,0.125,0.18181818181818182
75->,0.25,0.25,0.25,0.25,0.25,0.0,0.125,0.25,0.125,0.5,0.125,0.0,0.22727272727272727
76->,0.25,0.25,0.25,0.5,0.25,0.25,1.0,0.25,0.25,1.0,0.25,0.25,-0.09090909090909091
77->,0.25,0.25,0.25,0.25,0.25,0.125,0.25,0.5,0.25,0.25,0.25,0.125,-0.09090909090909091
78->,0.25,0.25,0.25,0.25,0.25,0.25,0.5,0.25,0.25,0.25,0.25,0.125,-0.09090909090909091
79->,0.25,0.5,0.125,0.25,0.125,0.125,0.25,0.25,0.125,0.25,0.125,0.125,-0.09090909090909091
80->,0.5,0.25,0.125,0.125,0.125,0.125,0.25,0.25,0.5,0.125,0.5,0.25,-0.045454545454545456
81->,0.25,0.5,1.0,0.125,1.0,1.0,0.25,0.5,1.0,0.5,1.0,0.5,-0.09090909090909091
82->,0.5,0.5,1.0,1.0,1.0,1.0,0.5,1.0,1.0,1.0,1.0,1.0,-0.045454545454545456
83->,0.5,0.5,1.0,1.0,1.0,1.0,1.0,0.25,1.0,1.0,1.0,1.0,-0.09090909090909091
84->,0.5,0.25,1.0,1.0,1.0,1.0,0.25,0.5,0.5,1.0,0.5,1.0,-0.09090909090909091
85->,0.25,0.25,0.125,1.0,0.125,1.0,0.5,1.0,0.0,0.5,0.0,1.0,-0.09090909090909091
86->,0.25,0.25,0.5,0.125,0.5,0.5,1.0,0.25,0.5,0.0,0.5,1.0,-0.13636363636363635
87->,0.25,0.125,0.125,0.5,0.125,0.125,0.25,0.125,0.125,0.5,0.125,0.0,-0.09090909090909091
88->,0.125,0.5,0.0,0.125,0.0,0.125,0.125,0.25,0.0,0.125,0.0,0.0,0.0
89->,0.5,0.125,0.0,0.0,0.0,0.125,0.25,0.125,0.125,0.0,0.125,0.125,0.0
90->,0.125,0.25,0.0,0.0,0.0,0.125,0.125,0.125,0.0,0.125,0.0,0.125,-0.045454545454545456
91->,0.25,0.25,0.0,0.0,0.0,0.0,0.125,0.125,0.0,0.0,0.0,0.0,0.18181818181818182
92->,0.25,0.25,0.125,0.0,0.125,0.0,0.125,0.25,0.125,0.0,0.125,0.0,0.18181818181818182
93->,0.25,0.25,0.125,0.125,0.125,0.0,0.25,0.25,0.0,0.125,0.0,0.0,0.18181818181818182
94->,0.25,0.125,0.125,0.125,0.125,0.0,0.25,0.25,0.125,0.0,0.125,0.0,0.18181818181818182
95->,0.125,0.125,0.25,0.125,0.25,0.125,0.25,0.125,0.25,0.125,0.25,0.0,0.18181818181818182
96->,0.125,0.25,0.0,0.25,0.0,0.0,0.125,0.25,0.125,0.25,0.125,0.125,0.18181818181818182
97->,0.25,0.25,0.125,0.0,0.125,0.0,0.25,0.25,0.125,0.125,0.125,0.0,0.18181818181818182
98->,0.25,0.5,0.0,0.125,0.0,0.0,0.25,0.25,0.0,0.125,0.0,0.0,0.045454545454545456
99->,0.5,0.25,0.0,0.0,0.0,0.0,0.25,0.5,0.125,0.0,0.125,0.0,0.13636363636363635
100->,0.25,0.25,0.0,0.0,0.0,0.0,0.5,0.125,0.0,0.125,0.0,0.0,0.13636363636363635
101->,0.5,0.25,0.25,0.5,0.25,0.5,1.0,0.25,0.25,0.5,0.25,0.25,-0.13636363636363635
102->,0.25,0.25,0.125,0.25,0.125,1.0,0.25,0.25,0.125,0.25,0.125,1.0,-0.045454545454545456
103->,0.25,0.25,0.25,0.125,0.25,1.0,0.25,0.25,0.125,0.125,0.125,1.0,-0.045454545454545456
104->,0.25,0.125,0.125,0.25,0.125,0.5,0.25,0.125,0.125,0.125,0.125,0.5,0.0
105->,0.125,0.125,0.125,0.125,0.125,0.5,0.125,0.5,0.25,0.125,0.25,1.0,0.045454545454545456
106->,0.125,1.0,1.0,0.125,1.0,0.5,0.5,1.0,0.5,0.25,0.5,0.5,-0.045454545454545456
107->,1.0,1.0,1.0,1.0,1.0,0.125,1.0,1.0,1.0,0.5,1.0,0.125,0.0
108->,1.0,1.0,1.0,1.0,1.0,0.0,1.0,1.0,1.0,1.0,1.0,0.0,-0.13636363636363635
109->,1.0,1.0,1.0,1.0,1.0,0.0,1.0,0.5,1.0,1.0,1.0,0.0,-0.4090909090909091
110->,1.0,0.125,1.0,1.0,1.0,0.125,0.5,0.0,1.0,1.0,1.0,0.125,-0.09090909090909091
111->,0.125,0.5,0.5,1.0,0.5,0.5,0.0,0.5,1.0,1.0,1.0,1.0,-0.09090909090909091
112->,0.5,0.125,0.125,0.5,0.125,0.0,0.5,0.125,0.0,1.0,0.0,0.0,-0.13636363636363635
113->,0.125,0.0,0.125,0.125,0.125,0.0,0.125,0.0,0.0,0.0,0.0,0.125,-0.045454545454545456
114->,0.0,0.0,0.125,0.125,0.125,0.125,0.0,0.125,0.125,0.0,0.125,0.125,-0.045454545454545456
115->,0.0,0.0,0.125,0.125,0.125,0.0,0.125,0.0,0.125,0.125,0.125,0.125,-0.045454545454545456
116->,0.0,0.0,0.0,0.125,0.0,0.125,0.0,0.0,0.0,0.125,0.0,0.125,-0.045454545454545456
117->,0.0,0.125,0.0,0.0,0.0,0.125,0.0,0.125,0.0,0.0,0.0,0.125,-0.045454545454545456
118->,0.125,0.125,0.0,0.0,0.0,0.0,0.125,0.0,0.0,0.0,0.0,0.0,0.0
119->,0.125,0.125,0.0,0.0,0.0,0.0,0.0,0.125,0.0,0.0,0.0,0.0,0.0
120->,0.125,0.25,0.125,0.0,0.125,0.125,0.125,0.25,0.0,0.0,0.0,0.0,-0.045454545454545456
121->,0.25,0.0,0.0,0.125,0.0,0.125,0.25,0.125,0.125,0.0,0.125,0.125,0.0
122->,0.0,0.125,0.0,0.0,0.0,0.0,0.125,0.125,0.0,0.125,0.0,0.0,0.13636363636363635
123->,0.125,0.0,0.0,0.0,0.0,0.125,0.125,0.0,0.0,0.0,0.0,0.125,0.13636363636363635
124->,0.0,0.0,0.0,0.0,0.0,0.0,0.0,0.125,0.0,0.0,0.0,0.0,0.13636363636363635
125->,0.0,0.0,0.0,0.0,0.0,0.0,0.125,0.0,0.0,0.0,0.0,0.125,0.13636363636363635
126->,0.5,0.25,0.5,0.25,0.5,0.25,0.5,0.25,0.25,0.25,0.25,0.125,-0.09090909090909091
127->,0.25,0.125,1.0,0.5,1.0,0.125,0.25,0.125,1.0,0.25,1.0,0.0,-0.045454545454545456
128->,0.125,0.25,1.0,1.0,1.0,0.125,0.125,0.125,1.0,1.0,1.0,0.125,-0.045454545454545456
129->,0.25,0.125,0.5,1.0,0.5,0.125,0.125,0.125,0.5,1.0,0.5,0.125,-0.045454545454545456
130->,0.125,0.125,0.5,0.5,0.5,0.0,0.125,0.25,1.0,0.5,1.0,0.0,0.09090909090909091
131->,0.125,1.0,0.5,0.5,0.5,0.0,0.25,0.5,0.5,1.0,0.5,0.0,0.09090909090909091
132->,1.0,1.0,0.125,0.5,0.125,0.0,0.5,1.0,0.125,0.5,0.125,0.0,-0.045454545454545456
133->,1.0,1.0,0.0,0.125,0.0,0.125,1.0,1.0,0.0,0.125,0.0,0.0,-0.045454545454545456
134->,1.0,1.0,0.0,0.0,0.0,0.0,1.0,1.0,0.0,0.0,0.0,0.0,-0.045454545454545456
135->,1.0,1.0,0.125,0.0,0.125,0.0,1.0,1.0,0.125,0.0,0.125,0.0,-0.045454545454545456
136->,1.0,0.5,0.5,0.125,0.5,0.0,1.0,1.0,1.0,0.125,1.0,0.0,-0.045454545454545456
137->,0.5,0.125,0.0,0.5,0.0,0.0,1.0,0.0,0.0,1.0,0.0,0.0,-0.045454545454545456
138->,0.125,0.125,0.0,0.0,0.0,0.125,0.0,0.0,0.125,0.0,0.125,0.0,-0.045454545454545456
139->,0.125,0.125,0.125,0.0,0.125,0.0,0.0,0.125,0.125,0.125,0.125,0.0,0.045454545454545456
140->,0.125,0.125,0.0,0.125,0.0,0.125,0.125,0.125,0.125,0.125,0.125,0.125,0.0
141->,0.125,0.0,0.125,0.0,0.125,0.0,0.125,0.0,0.125,0.125,0.125,0.0,0.0
142->,0.0,0.0,0.125,0.125,0.125,0.125,0.0,0.0,0.125,0.125,0.125,0.0,0.0
143->,0.0,0.0,0.0,0.125,0.0,0.0,0.0,0.0,0.0,0.125,0.0,0.0,0.0
144->,0.0,0.0,0.0,0.0,0.0,0.0,0.0,0.0,0.0,0.0,0.0,0.0,0.0
145->,0.0,0.125,0.125,0.0,0.125,0.0,0.0,0.0,0.0,0.0,0.0,0.0,0.0
146->,0.125,0.0,0.125,0.125,0.125,0.0,0.0,0.125,0.125,0.0,0.125,0.0,0.0
147->,0.0,0.0,0.0,0.125,0.0,0.0,0.125,0.0,0.0,0.125,0.0,0.0,0.0
148->,0.0,0.0,0.125,0.0,0.125,0.0,0.0,0.0,0.125,0.0,0.125,0.0,0.0
149->,0.0,0.0,0.0,0.125,0.0,0.0,0.0,0.0,0.0,0.125,0.0,0.0,0.0
150->,0.0,0.0,0.0,0.0,0.0,0.0,0.0,0.0,0.125,0.0,0.125,0.0,0.0
151->,0.25,0.5,0.25,0.25,0.25,0.125,0.25,0.25,0.125,0.125,0.125,0.125,-0.09090909090909091
152->,0.5,1.0,0.125,0.25,0.125,0.0,0.25,1.0,0.0,0.125,0.0,0.125,-0.09090909090909091
153->,1.0,1.0,0.125,0.125,0.125,0.0,1.0,1.0,0.125,0.0,0.125,0.0,-0.09090909090909091
154->,1.0,0.5,0.125,0.125,0.125,0.0,1.0,0.5,0.125,0.125,0.125,0.0,-0.045454545454545456
155->,0.5,0.5,0.0,0.125,0.0,0.0,0.5,1.0,0.0,0.125,0.0,0.0,-0.045454545454545456
156->,0.5,0.5,0.0,0.0,0.0,0.0,1.0,0.5,0.0,0.0,0.0,0.0,0.4090909090909091
157->,0.5,0.125,0.0,0.0,0.0,0.0,0.5,0.125,0.0,0.0,0.0,0.0,-0.09090909090909091
158->,0.125,0.0,0.125,0.0,0.125,0.0,0.125,0.0,0.0,0.0,0.0,0.0,0.0
159->,0.0,0.0,0.0,0.125,0.0,0.0,0.0,0.0,0.0,0.0,0.0,0.0,0.0
160->,0.0,0.125,0.0,0.0,0.0,0.125,0.0,0.125,0.0,0.0,0.0,0.125,0.0
161->,0.125,0.5,0.0,0.0,0.0,0.0,0.125,1.0,0.0,0.0,0.0,0.0,-0.045454545454545456
162->,0.5,0.0,0.0,0.0,0.0,0.0,1.0,0.0,0.0,0.0,0.0,0.0,-0.045454545454545456
163->,0.0,0.0,0.125,0.0,0.125,0.0,0.0,0.125,0.0,0.0,0.0,0.0,-0.09090909090909091
164->,0.0,0.125,0.0,0.125,0.0,0.0,0.125,0.125,0.0,0.0,0.0,0.0,0.0
165->,0.125,0.0,0.125,0.0,0.125,0.125,0.125,0.125,0.125,0.0,0.125,0.125,0.0
166->,0.0,0.125,0.0,0.125,0.0,0.0,0.125,0.125,0.0,0.125,0.0,0.0,0.0
167->,0.125,0.125,0.125,0.0,0.125,0.0,0.125,0.125,0.0,0.0,0.0,0.125,0.0
168->,0.125,0.0,0.0,0.125,0.0,0.0,0.125,0.0,0.0,0.0,0.0,0.0,0.0
169->,0.0,0.0,0.0,0.0,0.0,0.0,0.0,0.0,0.0,0.0,0.0,0.0,0.0
170->,0.0,0.125,0.0,0.0,0.0,0.0,0.0,0.0,0.0,0.0,0.0,0.0,0.22727272727272727
171->,0.125,0.125,0.0,0.0,0.0,0.125,0.0,0.125,0.0,0.0,0.0,0.0,0.0
172->,0.125,0.0,0.0,0.0,0.0,0.0,0.125,0.0,0.0,0.0,0.0,0.0,0.0
173->,0.0,0.125,0.0,0.0,0.0,0.0,0.0,0.125,0.0,0.0,0.0,0.0,0.0
174->,0.125,0.0,0.0,0.0,0.0,0.0,0.125,0.0,0.0,0.0,0.0,0.0,0.0
175->,0.0,0.0,0.0,0.0,0.0,0.0,0.0,0.125,0.0,0.0,0.0,0.0,0.0
176->,0.25,0.25,0.125,0.25,0.125,0.0,0.125,0.125,0.125,0.25,0.125,0.0,0.18181818181818182
177->,0.25,0.125,0.0,0.125,0.0,0.125,0.125,0.0,0.125,0.125,0.125,0.0,0.0
178->,0.125,0.125,0.0,0.0,0.0,0.0,0.0,0.125,0.0,0.125,0.0,0.0,0.0
179->,0.125,0.125,0.0,0.0,0.0,0.0,0.125,0.125,0.0,0.0,0.0,0.0,0.045454545454545456
180->,0.125,0.0,0.0,0.0,0.0,0.0,0.125,0.0,0.0,0.0,0.0,0.0,0.45454545454545453
181->,0.0,0.0,0.0,0.0,0.0,0.0,0.0,0.0,0.0,0.0,0.0,0.0,0.0
182->,0.0,0.0,0.0,0.0,0.0,0.0,0.0,0.0,0.0,0.0,0.0,0.0,-0.09090909090909091
183->,0.0,0.125,0.0,0.0,0.0,0.0,0.0,0.0,0.0,0.0,0.0,0.0,-0.13636363636363635
184->,0.125,0.0,0.0,0.0,0.0,0.0,0.0,0.0,0.0,0.0,0.0,0.0,0.0
185->,0.0,0.0,0.125,0.0,0.125,0.0,0.0,0.0,0.125,0.0,0.125,0.0,0.0
186->,0.0,0.0,0.0,0.125,0.0,0.0,0.0,0.0,0.0,0.125,0.0,0.0,0.0
187->,0.0,0.0,0.0,0.0,0.0,0.0,0.0,0.0,0.0,0.0,0.0,0.0,0.0
188->,0.0,0.125,0.0,0.0,0.0,0.0,0.0,0.0,0.0,0.0,0.0,0.0,0.0
189->,0.125,0.0,0.0,0.0,0.0,0.0,0.0,0.0,0.0,0.0,0.0,0.0,0.0
190->,0.0,0.125,0.125,0.0,0.125,0.0,0.0,0.125,0.125,0.0,0.125,0.0,0.0
191->,0.125,0.0,0.0,0.125,0.0,0.0,0.125,0.0,0.0,0.125,0.0,0.125,0.0
192->,0.0,0.125,0.0,0.0,0.0,0.125,0.0,0.0,0.125,0.0,0.125,0.0,0.0
193->,0.125,0.0,0.0,0.0,0.0,0.0,0.0,0.0,0.0,0.125,0.0,0.0,0.0
194->,0.0,0.0,0.0,0.0,0.0,0.0,0.0,0.0,0.0,0.0,0.0,0.0,0.0
195->,0.0,0.0,0.0,0.0,0.0,0.0,0.0,0.0,0.0,0.0,0.0,0.0,0.0
196->,0.0,0.0,0.125,0.0,0.125,0.125,0.0,0.0,0.0,0.0,0.0,0.125,0.0
197->,0.0,0.0,0.0,0.125,0.0,0.0,0.0,0.0,0.0,0.0,0.0,0.0,0.0
198->,0.0,0.0,0.0,0.0,0.0,0.125,0.0,0.0,0.0,0.0,0.0,0.125,0.0
199->,0.0,0.0,0.0,0.0,0.0,0.0,0.0,0.0,0.0,0.0,0.0,0.0,0.0
200->,0.0,0.0,0.0,0.0,0.0,0.0,0.0,0.0,0.0,0.0,0.0,0.0,0.45454545454545453
201->,0.25,0.125,0.0,0.125,0.0,0.0,0.25,0.125,0.0,0.25,0.0,0.0,0.13636363636363635
202->,0.125,0.0,0.125,0.0,0.125,0.0,0.125,0.125,0.0,0.0,0.0,0.0,0.045454545454545456
203->,0.0,0.0,0.0,0.125,0.0,0.0,0.125,0.0,0.0,0.0,0.0,0.0,0.045454545454545456
204->,0.0,0.0,0.0,0.0,0.0,0.125,0.0,0.0,0.0,0.0,0.0,0.0,0.045454545454545456
205->,0.0,0.0,0.0,0.0,0.0,0.0,0.0,0.0,0.0,0.0,0.0,0.0,0.045454545454545456
206->,0.0,0.0,0.0,0.0,0.0,0.0,0.0,0.0,0.0,0.0,0.0,0.125,0.045454545454545456
207->,0.0,0.0,0.0,0.0,0.0,0.0,0.0,0.0,0.0,0.0,0.0,0.0,0.0
208->,0.0,0.0,0.0,0.0,0.0,0.0,0.0,0.0,0.0,0.0,0.0,0.0,0.045454545454545456
209->,0.0,0.0,0.0,0.0,0.0,0.0,0.0,0.0,0.0,0.0,0.0,0.0,0.2727272727272727
210->,0.0,0.125,0.0,0.0,0.0,0.125,0.0,0.125,0.0,0.0,0.0,0.0,0.0
211->,0.125,0.0,0.0,0.0,0.0,0.0,0.125,0.0,0.0,0.0,0.0,0.0,0.0
212->,0.0,0.0,0.0,0.0,0.0,0.0,0.0,0.0,0.0,0.0,0.0,0.0,0.0
213->,0.0,0.0,0.0,0.0,0.0,0.0,0.0,0.0,0.0,0.0,0.0,0.0,0.0
214->,0.0,0.0,0.0,0.0,0.0,0.0,0.0,0.0,0.0,0.0,0.0,0.0,0.0
215->,0.0,0.125,0.0,0.0,0.0,0.0,0.0,0.125,0.0,0.0,0.0,0.0,0.0
216->,0.125,0.0,0.0,0.0,0.0,0.125,0.125,0.0,0.125,0.0,0.125,0.125,0.0
217->,0.0,0.0,0.125,0.0,0.125,0.125,0.0,0.125,0.0,0.125,0.0,0.125,0.0
218->,0.0,0.0,0.0,0.125,0.0,0.0,0.125,0.0,0.0,0.0,0.0,0.0,0.0
219->,0.0,0.0,0.0,0.0,0.0,0.0,0.0,0.0,0.0,0.0,0.0,0.0,0.0
220->,0.0,0.0,0.0,0.0,0.0,0.125,0.0,0.0,0.0,0.0,0.0,0.125,0.0
221->,0.0,0.125,0.125,0.0,0.125,0.0,0.0,0.0,0.125,0.0,0.125,0.0,0.0
222->,0.125,0.0,0.0,0.125,0.0,0.0,0.0,0.0,0.0,0.125,0.0,0.0,0.0
223->,0.0,0.0,0.125,0.0,0.125,0.125,0.0,0.0,0.125,0.0,0.125,0.125,0.0
224->,0.0,0.0,0.0,0.125,0.0,0.0,0.0,0.0,0.0,0.125,0.0,0.0,0.0
225->,0.0,0.0,0.0,0.0,0.0,0.0,0.0,0.0,0.0,0.0,0.0,0.0,0.0
226->,0.125,0.0,0.0,0.25,0.0,0.0,0.25,0.0,0.0,0.25,0.0,0.0,0.18181818181818182
227->,0.0,0.125,0.0,0.0,0.0,0.0,0.0,0.0,0.0,0.0,0.0,0.0,0.045454545454545456
228->,0.125,0.0,0.0,0.0,0.0,0.0,0.0,0.0,0.0,0.0,0.0,0.0,0.09090909090909091
229->,0.0,0.0,0.125,0.0,0.125,0.0,0.0,0.0,0.0,0.0,0.0,0.0,0.045454545454545456
230->,0.0,0.0,0.0,0.125,0.0,0.125,0.0,0.0,0.0,0.0,0.0,0.0,0.045454545454545456
231->,0.0,0.0,0.0,0.0,0.0,0.125,0.0,0.0,0.125,0.0,0.125,0.0,0.045454545454545456
232->,0.0,0.0,0.0,0.0,0.0,0.0,0.0,0.0,0.0,0.125,0.0,0.0,0.0
233->,0.0,0.0,0.0,0.0,0.0,0.0,0.0,0.0,0.0,0.0,0.0,0.0,-0.5
234->,0.0,0.0,0.0,0.0,0.0,0.0,0.0,0.0,0.0,0.0,0.0,0.0,-0.5
235->,0.0,0.0,0.125,0.0,0.125,0.0,0.0,0.0,0.0,0.0,0.0,0.0,0.0
236->,0.0,0.0,0.0,0.125,0.0,0.0,0.0,0.0,0.0,0.0,0.0,0.0,0.2727272727272727
237->,0.0,0.0,0.0,0.0,0.0,0.0,0.0,0.0,0.0,0.0,0.0,0.0,0.0
238->,0.0,0.0,0.0,0.0,0.0,0.0,0.0,0.0,0.0,0.0,0.0,0.0,0.0
239->,0.0,0.0,0.0,0.0,0.0,0.0,0.0,0.0,0.0,0.0,0.0,0.0,0.0
240->,0.0,0.0,0.0,0.0,0.0,0.125,0.0,0.0,0.0,0.0,0.0,0.125,0.0
241->,0.0,0.0,0.125,0.0,0.125,0.0,0.0,0.125,0.125,0.0,0.125,0.0,0.45454545454545453
242->,0.0,0.125,0.125,0.125,0.125,0.125,0.125,0.0,0.125,0.125,0.125,0.125,0.0
243->,0.125,0.0,0.0,0.125,0.0,0.0,0.0,0.0,0.0,0.125,0.0,0.0,0.0
244->,0.0,0.0,0.0,0.0,0.0,0.0,0.0,0.0,0.0,0.0,0.0,0.0,0.0
245->,0.0,0.0,0.125,0.0,0.125,0.0,0.0,0.0,0.125,0.0,0.125,0.0,0.0
246->,0.0,0.125,0.0,0.125,0.0,0.0,0.0,0.125,0.0,0.125,0.0,0.0,0.0
247->,0.125,0.0,0.0,0.0,0.0,0.0,0.125,0.0,0.0,0.0,0.0,0.0,0.0
248->,0.0,0.125,0.125,0.0,0.125,0.0,0.0,0.125,0.125,0.0,0.125,0.0,0.0
249->,0.125,0.0,0.0,0.125,0.0,0.125,0.125,0.0,0.0,0.125,0.0,0.125,0.0
250->,0.0,0.0,0.0,0.0,0.0,0.0,0.0,0.0,0.0,0.0,0.0,0.0,0.0
251->,0.25,0.0,0.0,0.125,0.0,0.125,0.25,0.0,0.0,0.125,0.0,0.125,0.0
252->,0.0,0.0,0.0,0.0,0.0,0.0,0.0,0.0,0.0,0.0,0.0,0.0,0.045454545454545456
253->,0.0,0.0,0.0,0.0,0.0,0.125,0.0,0.0,0.0,0.0,0.0,0.0,0.0
254->,0.0,0.125,0.0,0.0,0.0,0.5,0.0,0.0,0.0,0.0,0.0,0.25,0.045454545454545456
255->,0.125,0.0,0.125,0.0,0.125,0.0,0.0,0.0,0.0,0.0,0.0,0.0,0.045454545454545456
256->,0.0,0.0,0.125,0.125,0.125,0.0,0.0,0.125,0.0,0.0,0.0,0.0,0.0
257->,0.0,0.0,0.0,0.125,0.0,0.125,0.125,0.0,0.0,0.0,0.0,0.125,0.0
258->,0.0,0.0,0.0,0.0,0.0,0.0,0.0,0.0,0.0,0.0,0.0,0.0,0.0
259->,0.0,0.0,0.0,0.0,0.0,0.125,0.0,0.0,0.0,0.0,0.0,0.125,0.045454545454545456
260->,0.0,0.125,0.0,0.0,0.0,0.125,0.0,0.0,0.0,0.0,0.0,0.0,0.045454545454545456
261->,0.125,0.0,0.0,0.0,0.0,0.0,0.0,0.0,0.0,0.0,0.0,0.0,0.0
262->,0.0,0.0,0.0,0.0,0.0,0.0,0.0,0.0,0.0,0.0,0.0,0.0,0.0
263->,0.0,0.0,0.0,0.0,0.0,0.0,0.0,0.0,0.0,0.0,0.0,0.0,0.0
264->,0.0,0.0,0.0,0.0,0.0,0.0,0.0,0.0,0.0,0.0,0.0,0.0,0.0
265->,0.0,0.0,0.125,0.0,0.125,0.0,0.0,0.0,0.125,0.0,0.125,0.125,-0.36363636363636365
266->,0.0,0.125,0.0,0.125,0.0,0.0,0.0,0.125,0.0,0.125,0.0,0.125,0.0
267->,0.125,0.125,0.125,0.0,0.125,0.125,0.125,0.125,0.125,0.0,0.125,0.125,0.0
268->,0.125,0.0,0.0,0.125,0.0,0.125,0.125,0.0,0.0,0.125,0.0,0.0,0.0
269->,0.0,0.0,0.0,0.0,0.0,0.0,0.0,0.0,0.0,0.0,0.0,0.0,0.0
270->,0.0,0.125,0.0,0.0,0.0,0.0,0.0,0.125,0.0,0.0,0.0,0.0,0.0
271->,0.125,0.0,0.0,0.0,0.0,0.0,0.125,0.0,0.0,0.0,0.0,0.0,0.0
272->,0.0,0.0,0.0,0.0,0.0,0.0,0.0,0.0,0.0,0.0,0.0,0.0,0.0
273->,0.0,0.125,0.0,0.0,0.0,0.0,0.0,0.125,0.0,0.0,0.0,0.0,0.0
274->,0.125,0.0,0.125,0.0,0.125,0.0,0.125,0.0,0.125,0.0,0.125,0.125,0.0
275->,0.0,0.0,0.0,0.125,0.0,0.0,0.0,0.0,0.0,0.125,0.0,0.0,0.0
276->,0.125,0.0,0.125,0.125,0.125,1.0,0.125,0.0,0.125,0.5,0.125,1.0,0.0
277->,0.0,0.0,0.0,0.125,0.0,1.0,0.0,0.0,0.0,0.125,0.0,1.0,0.18181818181818182
278->,0.0,0.0,0.125,0.0,0.125,1.0,0.0,0.0,0.0,0.0,0.0,1.0,0.045454545454545456
279->,0.0,0.0,0.5,0.125,0.5,0.5,0.0,0.0,0.25,0.0,0.25,1.0,0.0
280->,0.0,0.125,0.0,0.5,0.0,0.125,0.0,0.0,0.0,0.25,0.0,0.125,0.045454545454545456
281->,0.125,0.125,0.0,0.0,0.0,0.125,0.0,0.0,0.0,0.0,0.0,0.0,0.045454545454545456
282->,0.125,0.0,0.125,0.0,0.125,0.0,0.0,0.0,0.125,0.0,0.125,0.0,0.045454545454545456
283->,0.0,0.0,0.0,0.125,0.0,0.0,0.0,0.0,0.0,0.125,0.0,0.0,0.045454545454545456
284->,0.0,0.0,0.125,0.0,0.125,0.0,0.0,0.0,0.125,0.0,0.125,0.125,0.4090909090909091
285->,0.0,0.0,0.125,0.125,0.125,0.0,0.0,0.0,0.0,0.125,0.0,0.0,0.045454545454545456
286->,0.0,0.0,0.0,0.125,0.0,0.0,0.0,0.0,0.0,0.0,0.0,0.0,0.045454545454545456
287->,0.0,0.0,0.0,0.0,0.0,0.0,0.0,0.0,0.0,0.0,0.0,0.0,0.045454545454545456
288->,0.0,0.0,0.0,0.0,0.0,1.0,0.0,0.0,0.0,0.0,0.0,1.0,0.0
289->,0.0,0.0,0.0,0.0,0.0,1.0,0.0,0.0,0.0,0.0,0.0,1.0,0.09090909090909091
290->,0.0,0.125,0.0,0.0,0.0,0.25,0.0,0.125,0.125,0.0,0.125,0.5,-0.3181818181818182
291->,0.125,0.0,0.0,0.0,0.0,0.0,0.125,0.0,0.125,0.125,0.125,0.125,0.0
292->,0.0,0.125,0.125,0.0,0.125,0.125,0.0,0.125,0.125,0.125,0.125,0.125,0.0
293->,0.125,0.0,0.125,0.125,0.125,0.0,0.125,0.0,0.0,0.125,0.0,0.0,0.0
294->,0.0,0.0,0.0,0.125,0.0,0.0,0.0,0.0,0.0,0.0,0.0,0.0,0.0
295->,0.0,0.0,0.0,0.0,0.0,0.125,0.0,0.0,0.0,0.0,0.0,0.0,0.0
296->,0.0,0.0,0.0,0.0,0.0,0.0,0.0,0.0,0.0,0.0,0.0,0.0,0.0
297->,0.0,0.0,0.0,0.0,0.0,0.125,0.0,0.0,0.0,0.0,0.0,0.125,0.0
298->,0.0,0.0,0.0,0.0,0.0,0.125,0.0,0.0,0.0,0.0,0.0,0.125,0.0
299->,0.0,0.125,0.0,0.0,0.0,0.0,0.0,0.125,0.125,0.0,0.125,0.0,0.0
300->,0.125,0.0,0.0,0.0,0.0,0.0,0.125,0.0,0.0,0.125,0.0,0.0,0.0
301->,0.125,0.125,1.0,1.0,1.0,1.0,0.5,0.125,1.0,1.0,1.0,1.0,0.0
302->,0.125,0.0,1.0,1.0,1.0,1.0,0.125,0.0,1.0,1.0,1.0,1.0,0.0
303->,0.0,0.125,1.0,1.0,1.0,1.0,0.0,0.0,1.0,1.0,1.0,1.0,0.045454545454545456
304->,0.125,0.5,0.5,1.0,0.5,0.5,0.0,0.25,1.0,1.0,1.0,0.5,0.045454545454545456
305->,0.5,0.0,0.125,0.5,0.125,0.0,0.25,0.0,0.125,1.0,0.125,0.0,0.0
306->,0.0,0.0,0.125,0.125,0.125,0.0,0.0,0.0,0.0,0.125,0.0,0.125,0.045454545454545456
307->,0.0,0.125,0.0,0.125,0.0,0.125,0.0,0.125,0.0,0.0,0.0,0.25,0.045454545454545456
308->,0.125,0.0,0.0,0.0,0.0,0.5,0.125,0.0,0.0,0.0,0.0,0.5,0.045454545454545456
309->,0.0,0.125,0.0,0.0,0.0,0.5,0.0,0.125,0.125,0.0,0.125,0.5,0.045454545454545456
310->,0.125,0.125,0.0,0.0,0.0,0.5,0.125,0.0,0.0,0.125,0.0,0.5,0.0
311->,0.125,0.0,0.0,0.0,0.0,1.0,0.0,0.0,0.0,0.0,0.0,1.0,0.045454545454545456
312->,0.0,0.0,0.0,0.0,0.0,1.0,0.0,0.0,0.0,0.0,0.0,1.0,0.045454545454545456
313->,0.0,0.0,1.0,0.0,1.0,0.5,0.0,0.0,1.0,0.0,1.0,1.0,0.0
314->,0.0,0.0,1.0,1.0,1.0,0.25,0.0,0.0,1.0,1.0,1.0,0.5,0.0
315->,0.0,0.0,0.25,1.0,0.25,0.25,0.0,0.125,0.5,1.0,0.5,0.25,-0.045454545454545456
316->,0.0,0.0,0.0,0.25,0.0,0.125,0.125,0.125,0.125,0.5,0.125,0.125,-0.045454545454545456
317->,0.0,0.125,0.125,0.0,0.125,0.0,0.125,0.125,0.125,0.125,0.125,0.0,0.0
318->,0.125,0.125,0.0,0.125,0.0,0.0,0.125,0.0,0.0,0.125,0.0,0.0,0.045454545454545456
319->,0.125,0.0,0.0,0.0,0.0,0.0,0.0,0.0,0.0,0.0,0.0,0.0,0.0
320->,0.0,0.0,0.125,0.0,0.125,0.0,0.0,0.0,0.0,0.0,0.0,0.0,0.0
321->,0.0,0.0,0.0,0.125,0.0,0.125,0.0,0.0,0.0,0.0,0.0,0.0,0.0
322->,0.0,0.0,0.125,0.0,0.125,0.0,0.0,0.0,0.125,0.0,0.125,0.0,0.0
323->,0.0,0.0,0.125,0.125,0.125,0.0,0.0,0.0,0.125,0.125,0.125,0.0,0.0
324->,0.0,0.0,0.0,0.125,0.0,0.125,0.0,0.125,0.0,0.125,0.0,0.125,0.0
325->,0.0,0.0,0.0,0.0,0.0,0.0,0.125,0.0,0.0,0.0,0.0,0.0,0.0
326->,1.0,1.0,1.0,1.0,1.0,0.125,1.0,1.0,1.0,1.0,1.0,0.125,0.0
327->,1.0,1.0,1.0,1.0,1.0,0.125,1.0,1.0,1.0,1.0,1.0,0.125,0.0
328->,1.0,1.0,1.0,1.0,1.0,0.0,1.0,1.0,1.0,1.0,1.0,0.125,0.0
329->,1.0,0.5,0.5,1.0,0.5,0.25,1.0,1.0,0.5,1.0,0.5,0.25,0.0
330->,0.5,0.125,0.0,0.5,0.0,0.125,1.0,0.125,0.0,0.5,0.0,0.25,0.0
331->,0.125,0.125,0.0,0.0,0.0,0.5,0.125,0.0,0.125,0.0,0.125,0.25,0.045454545454545456
332->,0.125,0.0,0.125,0.0,0.125,0.25,0.0,0.0,0.25,0.125,0.25,0.5,0.09090909090909091
333->,0.0,0.0,0.5,0.125,0.5,0.0,0.0,0.0,0.5,0.25,0.5,0.0,-0.045454545454545456
334->,0.0,0.0,0.5,0.5,0.5,0.0,0.0,0.125,0.5,0.5,0.5,0.0,-0.22727272727272727
335->,0.0,0.0,0.5,0.5,0.5,1.0,0.125,0.0,0.5,0.5,0.5,0.0,-0.18181818181818182
336->,0.0,0.0,1.0,0.5,1.0,0.125,0.0,0.0,1.0,0.5,1.0,0.0,0.0
337->,0.0,0.0,1.0,1.0,1.0,0.25,0.0,0.0,1.0,1.0,1.0,0.25,-0.09090909090909091
338->,0.0,1.0,0.5,1.0,0.5,0.25,0.0,1.0,1.0,1.0,1.0,0.25,-0.13636363636363635
339->,1.0,1.0,0.25,0.5,0.25,0.25,1.0,1.0,0.5,1.0,0.5,0.25,-0.09090909090909091
340->,1.0,0.25,0.25,0.25,0.25,0.25,1.0,0.5,0.25,0.5,0.25,0.25,-0.045454545454545456
341->,0.25,0.0,0.125,0.25,0.125,0.0,0.5,0.125,0.125,0.25,0.125,0.125,0.0
342->,0.0,0.125,0.0,0.125,0.0,0.0,0.125,0.125,0.0,0.125,0.0,0.125,0.0
343->,0.125,0.0,0.0,0.0,0.0,0.125,0.125,0.0,0.0,0.0,0.0,0.125,0.0
344->,0.0,0.0,0.0,0.0,0.0,0.0,0.0,0.0,0.0,0.0,0.0,0.0,0.0
345->,0.0,0.125,0.0,0.0,0.0,0.0,0.0,0.0,0.0,0.0,0.0,0.0,0.0
346->,0.125,0.0,0.125,0.0,0.125,0.0,0.0,0.0,0.0,0.0,0.0,0.0,0.0
347->,0.0,0.125,0.0,0.125,0.0,0.0,0.0,0.125,0.0,0.0,0.0,0.0,0.0
348->,0.125,0.125,0.0,0.0,0.0,0.125,0.125,0.125,0.0,0.0,0.0,0.0,0.0
349->,0.125,0.0,0.125,0.0,0.125,0.0,0.125,0.0,0.125,0.0,0.125,0.0,0.0
350->,0.0,0.0,0.0,0.125,0.0,0.0,0.0,0.0,0.0,0.125,0.0,0.0,0.0
351->,1.0,1.0,0.125,0.25,0.125,0.0,1.0,1.0,0.125,0.5,0.125,0.0,0.0
352->,1.0,1.0,0.125,0.125,0.125,0.0,1.0,1.0,0.125,0.125,0.125,0.0,-0.045454545454545456
353->,1.0,1.0,0.0,0.125,0.0,0.25,1.0,1.0,0.125,0.125,0.125,0.5,0.0
354->,1.0,0.5,0.25,0.0,0.25,0.5,1.0,0.5,0.25,0.125,0.25,0.5,0.0
355->,0.5,0.0,0.125,0.25,0.125,0.25,0.5,0.0,0.25,0.25,0.25,0.25,-0.09090909090909091
356->,0.0,0.0,0.5,0.125,0.5,0.0,0.0,0.125,0.25,0.25,0.25,0.0,-0.18181818181818182
357->,0.0,0.125,0.25,0.5,0.25,0.125,0.125,0.25,0.5,0.25,0.5,0.125,-0.2727272727272727
358->,0.125,0.5,0.0,0.25,0.0,0.0,0.25,0.5,0.0,0.5,0.0,0.0,-0.2727272727272727
359->,0.5,0.5,0.0,0.0,0.0,0.0,0.5,0.5,0.0,0.0,0.0,0.0,-0.2727272727272727
360->,0.5,0.5,1.0,0.0,1.0,1.0,0.5,0.5,0.0,0.0,0.0,0.125,-0.2727272727272727
361->,0.5,1.0,0.125,1.0,0.125,0.25,0.5,1.0,0.0,0.0,0.0,1.0,-0.2727272727272727
362->,1.0,1.0,0.25,0.125,0.25,0.5,1.0,1.0,0.25,0.0,0.25,0.25,-0.18181818181818182
363->,1.0,0.5,0.25,0.25,0.25,0.25,1.0,1.0,0.25,0.25,0.25,0.5,-0.09090909090909091
364->,0.5,0.25,0.25,0.25,0.25,0.5,1.0,0.5,0.25,0.25,0.25,1.0,-0.045454545454545456
365->,0.25,0.25,0.25,0.25,0.25,0.25,0.5,0.25,0.25,0.25,0.25,0.25,0.0
366->,0.25,0.125,0.0,0.25,0.0,0.0,0.25,0.125,0.125,0.25,0.125,0.0,0.0
367->,0.125,0.0,0.0,0.0,0.0,0.0,0.125,0.0,0.125,0.125,0.125,0.0,0.0
368->,0.0,0.0,0.125,0.0,0.125,0.0,0.0,0.0,0.125,0.125,0.125,0.125,0.0
369->,0.0,0.0,0.0,0.125,0.0,0.0,0.0,0.0,0.0,0.125,0.0,0.125,0.0
370->,0.0,0.0,0.0,0.0,0.0,0.125,0.0,0.0,0.0,0.0,0.0,0.25,0.0
371->,0.0,0.125,0.0,0.0,0.0,0.0,0.0,0.0,0.0,0.0,0.0,0.0,0.0
372->,0.125,0.0,0.0,0.0,0.0,0.0,0.0,0.0,0.0,0.0,0.0,0.0,0.0
373->,0.0,0.0,0.125,0.0,0.125,0.0,0.0,0.0,0.0,0.0,0.0,0.0,0.0
374->,0.0,0.125,0.0,0.125,0.0,0.0,0.0,0.125,0.0,0.0,0.0,0.0,0.0
375->,0.125,0.0,0.0,0.0,0.0,0.0,0.125,0.0,0.0,0.0,0.0,0.0,0.0
376->,0.25,0.125,0.0,0.125,0.0,0.0,0.5,0.125,0.0,0.125,0.0,0.0,0.0
377->,0.125,0.125,0.0,0.0,0.0,0.0,0.125,0.125,0.0,0.0,0.0,0.0,0.0
378->,0.125,0.0,0.25,0.0,0.25,1.0,0.125,0.125,0.5,0.0,0.5,0.5,0.0
379->,0.0,0.25,0.5,0.25,0.5,0.125,0.125,0.25,0.5,0.5,0.5,0.25,-0.13636363636363635
380->,0.25,0.125,0.25,0.5,0.25,0.125,0.25,0.25,0.25,0.5,0.25,1.0,-0.13636363636363635
381->,0.125,0.5,0.0,0.25,0.0,0.0,0.25,0.25,0.0,0.25,0.0,0.0,-0.2727272727272727
382->,0.5,0.25,0.125,0.0,0.125,0.0,0.25,0.5,0.125,0.0,0.125,0.0,-0.3181818181818182
383->,0.25,0.0,0.0,0.125,0.0,0.0,0.5,0.0,0.0,0.125,0.0,0.0,-0.2727272727272727
384->,0.0,0.0,0.0,0.0,0.0,0.125,0.0,0.0,0.0,0.0,0.0,0.125,-0.2727272727272727
385->,0.0,1.0,1.0,0.0,1.0,0.5,0.0,0.0,0.125,0.0,0.125,0.5,-0.36363636363636365
386->,1.0,0.125,0.25,1.0,0.25,0.5,0.0,0.0,1.0,0.125,1.0,0.5,-0.18181818181818182
387->,0.125,0.25,0.5,0.25,0.5,0.5,0.0,0.25,0.25,1.0,0.25,0.5,-0.22727272727272727
388->,0.25,0.25,0.25,0.5,0.25,0.5,0.25,0.25,0.5,0.25,0.5,1.0,-0.22727272727272727
389->,0.25,0.25,0.5,0.25,0.5,0.5,0.25,0.25,1.0,0.5,1.0,0.25,-0.22727272727272727
390->,0.25,0.25,0.25,0.5,0.25,0.25,0.25,0.25,0.25,1.0,0.25,0.25,-0.22727272727272727
391->,0.25,0.0,0.0,0.25,0.0,0.25,0.25,0.125,0.0,0.25,0.0,0.25,-0.22727272727272727
392->,0.0,0.0,0.0,0.0,0.0,0.25,0.125,0.125,0.0,0.0,0.0,0.25,0.0
393->,0.0,0.125,0.0,0.0,0.0,0.125,0.125,0.125,0.125,0.0,0.125,0.25,0.045454545454545456
394->,0.125,0.0,0.0,0.0,0.0,0.25,0.125,0.0,0.125,0.125,0.125,0.25,0.0
395->,0.0,0.0,0.125,0.0,0.125,0.25,0.0,0.0,0.25,0.125,0.25,0.25,0.0
396->,0.0,0.0,0.0,0.125,0.0,0.125,0.0,0.0,0.0,0.25,0.0,0.125,0.0
397->,0.0,0.0,0.0,0.0,0.0,0.0,0.0,0.0,0.0,0.0,0.0,0.0,0.0
398->,0.0,0.125,0.0,0.0,0.0,0.0,0.0,0.0,0.0,0.0,0.0,0.0,0.0
399->,0.125,0.0,0.0,0.0,0.0,0.0,0.0,0.0,0.0,0.0,0.0,0.125,0.0
400->,0.0,0.0,0.0,0.0,0.0,0.0,0.0,0.0,0.0,0.0,0.0,0.0,0.0
401->,0.125,0.0,0.0,0.0,0.0,0.0,0.125,0.0,0.0,0.0,0.0,0.0,0.0
402->,0.0,0.0,0.0,0.0,0.0,0.0,0.0,0.0,0.0,0.0,0.0,0.0,0.0
403->,0.0,0.25,1.0,0.0,1.0,0.25,0.0,0.5,0.5,0.0,0.5,0.125,-0.22727272727272727
404->,0.25,0.5,0.125,1.0,0.125,0.25,0.5,0.5,0.25,0.5,0.25,0.25,-0.22727272727272727
405->,0.5,0.25,0.125,0.125,0.125,0.25,0.5,0.25,1.0,0.25,1.0,0.25,-0.22727272727272727
406->,0.25,0.0,0.0,0.125,0.0,0.25,0.25,0.0,0.0,1.0,0.0,0.5,-0.18181818181818182
407->,0.0,0.125,0.0,0.0,0.0,0.125,0.0,0.125,0.0,0.0,0.0,0.25,-0.3181818181818182
408->,0.125,0.0,0.0,0.0,0.0,0.125,0.125,0.0,0.0,0.0,0.0,0.125,-0.5
409->,0.0,0.0,0.125,0.0,0.125,0.125,0.0,0.0,0.125,0.0,0.125,0.0,-0.5
410->,0.0,1.0,0.5,0.125,0.5,0.125,0.0,0.125,0.5,0.125,0.5,0.25,-0.22727272727272727
411->,1.0,0.25,0.5,0.5,0.5,0.5,0.125,1.0,0.5,0.5,0.5,0.125,-0.2727272727272727
412->,0.25,0.5,0.5,0.5,0.5,0.125,1.0,0.25,0.5,0.5,0.5,0.125,-0.22727272727272727
413->,0.5,0.25,0.5,0.5,0.5,0.125,0.25,0.5,1.0,0.5,1.0,0.125,-0.22727272727272727
414->,0.25,0.5,0.5,0.5,0.5,0.25,0.5,1.0,0.25,1.0,0.25,0.125,-0.22727272727272727
415->,0.5,0.25,0.25,0.5,0.25,0.125,1.0,0.25,0.25,0.25,0.25,0.125,-0.22727272727272727
416->,0.25,0.0,0.25,0.25,0.25,0.125,0.25,0.0,0.25,0.25,0.25,0.25,-0.22727272727272727
417->,0.0,0.0,0.25,0.25,0.25,0.25,0.0,0.0,0.25,0.25,0.25,0.25,0.045454545454545456
418->,0.0,0.0,0.125,0.25,0.125,0.5,0.0,0.125,0.25,0.25,0.25,0.5,-0.13636363636363635
419->,0.0,0.0,0.25,0.125,0.25,0.25,0.125,0.125,0.25,0.25,0.25,0.25,-0.13636363636363635
420->,0.0,0.125,0.25,0.25,0.25,0.25,0.125,0.25,0.25,0.25,0.25,0.25,-0.13636363636363635
421->,0.125,0.0,0.125,0.25,0.125,0.125,0.25,0.0,0.125,0.25,0.125,0.0,-0.09090909090909091
422->,0.0,0.0,0.0,0.125,0.0,0.0,0.0,0.0,0.0,0.125,0.0,0.0,0.0
423->,0.0,0.0,0.0,0.0,0.0,0.0,0.0,0.0,0.0,0.0,0.0,0.0,0.0
424->,0.0,0.0,0.0,0.0,0.0,0.0,0.0,0.0,0.125,0.0,0.125,0.0,0.0
425->,0.0,0.0,0.0,0.0,0.0,0.0,0.0,0.0,0.0,0.125,0.0,0.0,0.0
426->,0.0,0.0,0.0,0.0,0.0,0.0,0.0,0.0,0.0,0.0,0.0,0.0,0.045454545454545456
427->,0.0,0.0,0.0,0.0,0.0,1.0,0.0,0.0,0.0,0.0,0.0,0.5,0.0
428->,0.0,1.0,0.25,0.0,0.25,0.25,0.0,0.5,0.125,0.0,0.125,0.25,-0.2727272727272727
429->,1.0,0.125,0.25,0.25,0.25,0.125,0.5,0.25,0.25,0.125,0.25,0.0,-0.22727272727272727
430->,0.125,0.125,0.25,0.25,0.25,0.0,0.25,1.0,0.25,0.25,0.25,0.0,-0.22727272727272727
431->,0.125,0.0,0.25,0.25,0.25,0.5,1.0,0.0,0.5,0.25,0.5,0.5,-0.22727272727272727
432->,0.0,0.0,0.125,0.25,0.125,0.25,0.0,0.0,0.25,0.5,0.25,0.25,-0.09090909090909091
433->,0.0,0.0,0.125,0.125,0.125,0.25,0.0,0.0,0.125,0.25,0.125,0.25,-0.09090909090909091
434->,0.0,0.125,0.125,0.125,0.125,0.5,0.0,0.125,0.0,0.125,0.0,0.0,-0.045454545454545456
435->,0.125,0.5,0.125,0.125,0.125,0.0,0.125,0.5,0.25,0.0,0.25,0.0,-0.09090909090909091
436->,0.5,0.5,0.5,0.125,0.5,0.125,0.5,0.5,0.125,0.25,0.125,0.125,-0.09090909090909091
437->,0.5,0.5,0.125,0.5,0.125,0.125,0.5,0.5,0.125,0.125,0.125,0.125,-0.09090909090909091
438->,0.5,0.5,0.125,0.125,0.125,0.0,0.5,1.0,0.125,0.125,0.125,0.0,-0.09090909090909091
439->,0.5,0.5,0.25,0.125,0.25,0.5,1.0,0.25,0.125,0.125,0.125,0.25,-0.09090909090909091
440->,0.5,0.25,0.125,0.25,0.125,0.25,0.25,0.25,0.125,0.125,0.125,0.25,-0.09090909090909091
441->,0.25,0.25,0.125,0.125,0.125,0.25,0.25,0.25,0.25,0.125,0.25,0.25,-0.13636363636363635
442->,0.25,0.25,0.25,0.125,0.25,0.125,0.25,0.25,0.25,0.25,0.25,0.125,-0.13636363636363635
443->,0.25,0.125,0.5,0.25,0.5,0.0,0.25,0.25,0.5,0.25,0.5,0.0,-0.09090909090909091
444->,0.125,0.25,0.25,0.5,0.25,0.0,0.25,0.25,0.25,0.5,0.25,0.0,-0.13636363636363635
445->,0.25,0.25,0.25,0.25,0.25,0.125,0.25,0.25,0.25,0.25,0.25,0.125,-0.09090909090909091
446->,0.25,0.125,0.125,0.25,0.125,0.125,0.25,0.125,0.0,0.25,0.0,0.125,-0.09090909090909091
447->,0.125,0.0,0.0,0.125,0.0,0.0,0.125,0.0,0.0,0.0,0.0,0.0,0.0
448->,0.0,0.0,0.0,0.0,0.0,0.0,0.0,0.0,0.0,0.0,0.0,0.125,0.0
449->,0.0,0.0,0.0,0.0,0.0,0.125,0.0,0.125,0.0,0.0,0.0,0.125,0.0
450->,0.0,0.0,0.0,0.0,0.0,0.0,0.125,0.0,0.0,0.0,0.0,0.0,0.0
451->,0.0,0.0,0.0,0.0,0.0,0.5,0.0,0.0,0.0,0.0,0.0,0.5,0.045454545454545456
452->,0.0,0.0,1.0,0.0,1.0,0.5,0.0,0.0,0.5,0.0,0.5,0.5,0.09090909090909091
453->,0.0,0.25,0.25,1.0,0.25,1.0,0.0,0.125,0.25,0.5,0.25,1.0,0.045454545454545456
454->,0.25,0.25,0.125,0.25,0.125,0.0,0.125,0.25,0.0,0.25,0.0,0.0,-0.09090909090909091
455->,0.25,0.25,0.0,0.125,0.0,0.0,0.25,0.25,0.0,0.0,0.0,0.0,-0.13636363636363635
456->,0.25,0.25,0.5,0.0,0.5,0.125,0.25,0.5,0.5,0.0,0.5,0.125,-0.13636363636363635
457->,0.25,0.125,0.25,0.5,0.25,0.25,0.5,0.25,0.25,0.5,0.25,0.25,-0.09090909090909091
458->,0.125,0.125,0.25,0.25,0.25,1.0,0.25,0.125,0.25,0.25,0.25,1.0,-0.045454545454545456
459->,0.125,0.125,0.5,0.25,0.5,0.125,0.125,0.0,0.0,0.25,0.0,0.125,-0.09090909090909091
460->,0.125,0.125,0.0,0.5,0.0,0.5,0.0,0.25,0.0,0.0,0.0,1.0,-0.045454545454545456
461->,0.125,0.5,0.125,0.0,0.125,1.0,0.25,0.125,0.125,0.0,0.125,1.0,-0.09090909090909091
462->,0.5,0.125,0.125,0.125,0.125,0.5,0.125,0.125,0.125,0.125,0.125,1.0,0.0
463->,0.125,0.125,0.0,0.125,0.0,0.125,0.125,0.125,0.0,0.125,0.0,0.5,-0.5
464->,0.125,0.25,0.5,0.0,0.5,0.25,0.125,0.125,0.25,0.0,0.25,0.25,-0.09090909090909091
465->,0.25,0.125,0.25,0.5,0.25,0.25,0.125,0.125,0.25,0.25,0.25,0.125,-0.09090909090909091
466->,0.125,0.125,0.25,0.25,0.25,0.25,0.125,0.25,0.25,0.25,0.25,0.125,-0.13636363636363635
467->,0.125,0.25,0.125,0.25,0.125,0.125,0.25,0.25,0.125,0.25,0.125,0.125,-0.13636363636363635
468->,0.25,0.5,0.0,0.125,0.0,0.125,0.25,0.5,0.0,0.125,0.0,0.25,-0.13636363636363635
469->,0.5,0.25,0.0,0.0,0.0,0.25,0.5,0.25,0.0,0.0,0.0,0.25,0.045454545454545456
470->,0.25,0.25,0.125,0.0,0.125,0.25,0.25,0.25,0.125,0.0,0.125,0.25,-0.09090909090909091
471->,0.25,0.125,0.125,0.125,0.125,0.125,0.25,0.0,0.125,0.125,0.125,0.0,-0.13636363636363635
472->,0.125,0.0,0.0,0.125,0.0,0.125,0.0,0.0,0.0,0.125,0.0,0.0,-0.13636363636363635
473->,0.0,0.0,0.0,0.0,0.0,0.0,0.0,0.0,0.125,0.0,0.125,0.0,0.0
474->,0.0,0.0,0.125,0.0,0.125,0.0,0.0,0.0,0.125,0.125,0.125,0.0,0.0
475->,0.0,0.0,0.0,0.125,0.0,0.0,0.0,0.0,0.0,0.125,0.0,0.0,0.0
476->,0.0,0.0,0.5,1.0,0.5,1.0,0.0,0.0,0.5,1.0,0.5,1.0,0.0
477->,0.0,1.0,0.5,0.5,0.5,1.0,0.0,0.5,0.5,0.5,0.5,1.0,0.0
478->,1.0,0.25,1.0,0.5,1.0,1.0,0.5,0.25,1.0,0.5,1.0,1.0,0.0
479->,0.25,0.125,0.0,1.0,0.0,1.0,0.25,0.0,0.0,1.0,0.0,1.0,0.0
480->,0.125,0.0,0.0,0.0,0.0,1.0,0.0,0.0,0.0,0.0,0.0,0.5,0.0
481->,0.0,0.5,0.125,0.0,0.125,1.0,0.0,0.5,0.125,0.0,0.125,0.5,0.0
482->,0.5,0.25,0.25,0.125,0.25,1.0,0.5,0.25,0.25,0.125,0.25,0.5,-0.045454545454545456
483->,0.25,0.25,1.0,0.25,1.0,0.5,0.25,0.25,1.0,0.25,1.0,0.5,-0.09090909090909091
484->,0.25,0.5,0.125,1.0,0.125,1.0,0.25,0.0,0.125,1.0,0.125,1.0,-0.045454545454545456
485->,0.5,0.0,0.5,0.125,0.5,1.0,0.0,0.0,1.0,0.125,1.0,1.0,0.45454545454545453
486->,0.0,0.125,1.0,0.5,1.0,1.0,0.0,0.125,1.0,1.0,1.0,1.0,-0.09090909090909091
487->,0.125,0.125,0.5,1.0,0.5,0.5,0.125,0.125,1.0,1.0,1.0,0.25,-0.09090909090909091
488->,0.125,0.0,0.125,0.5,0.125,0.25,0.125,0.0,0.5,1.0,0.5,0.25,-0.5
489->,0.0,0.5,0.25,0.125,0.25,0.25,0.0,0.25,0.25,0.5,0.25,0.5,-0.09090909090909091
490->,0.5,0.25,0.25,0.25,0.25,0.125,0.25,0.25,0.125,0.25,0.125,0.25,-0.13636363636363635
491->,0.25,0.25,0.25,0.25,0.25,0.25,0.25,0.25,0.125,0.125,0.125,0.25,-0.13636363636363635
492->,0.25,0.125,0.125,0.25,0.125,0.25,0.25,0.125,0.125,0.125,0.125,0.125,-0.13636363636363635
493->,0.125,0.0,0.125,0.125,0.125,0.25,0.125,0.0,0.25,0.125,0.25,0.25,-0.09090909090909091
494->,0.0,0.0,0.25,0.125,0.25,0.25,0.0,0.0,0.25,0.25,0.25,0.25,-0.09090909090909091
495->,0.0,0.125,0.25,0.25,0.25,0.25,0.0,0.125,0.25,0.25,0.25,0.25,-0.13636363636363635
496->,0.125,0.125,0.125,0.25,0.125,0.125,0.125,0.125,0.0,0.25,0.0,0.125,-0.045454545454545456
497->,0.125,0.0,0.125,0.125,0.125,0.0,0.125,0.0,0.0,0.0,0.0,0.0,0.09090909090909091
498->,0.0,0.0,0.0,0.125,0.0,0.0,0.0,0.125,0.0,0.0,0.0,0.0,-0.045454545454545456
499->,0.0,0.125,0.0,0.0,0.0,0.125,0.125,0.125,0.0,0.0,0.0,0.125,0.18181818181818182
500->,0.125,0.0,0.0,0.0,0.0,0.125,0.125,0.0,0.0,0.0,0.0,0.125,0.0
501->,1.0,0.5,1.0,1.0,1.0,1.0,1.0,0.5,1.0,1.0,1.0,1.0,0.0
502->,0.5,0.5,1.0,1.0,1.0,1.0,0.5,0.5,1.0,1.0,1.0,1.0,0.0
503->,0.5,1.0,1.0,1.0,1.0,0.125,0.5,1.0,1.0,1.0,1.0,0.125,0.0
504->,1.0,0.0,1.0,1.0,1.0,0.25,1.0,0.0,1.0,1.0,1.0,0.25,0.0
505->,0.0,0.0,1.0,1.0,1.0,0.0,0.0,0.0,0.5,1.0,0.5,0.0,0.0
506->,0.0,0.125,1.0,1.0,1.0,0.0,0.0,0.125,0.5,0.5,0.5,0.125,0.0
507->,0.125,0.25,1.0,1.0,1.0,0.0,0.125,0.25,0.5,0.5,0.5,0.0,-0.5
508->,0.25,1.0,0.5,1.0,0.5,0.0,0.25,1.0,0.5,0.5,0.5,0.0,-0.18181818181818182
